Year,gas_trans_mi,gas_dist_mi,haz_liq_mi,ann_tot_mi
2005,294800.268,1165020.196,166760.14499999996,1626580.609
2006,293705.627,1188084.83,166718.87499999994,1648509.332
2007,294938.972,1203330.239,169846.12599999984,1668115.337
2008,297267.428,1210032.073,173789.06399999993,1681088.5650000002
2009,298964.403,1220539.274,175965.48199999984,1695469.1589999998
2010,299360.49,1229922.162,181836.069,1711118.721
2011,299730.085,1239282.914,183574.594,1722587.593
2012,298612.895,1245535.791,186411.359,1730560.045
2013,298378.453,1255308.558,192602.05,1746289.061
2014,297901.881,1266366.494,199984.244,1764252.619
2015,297334.908,1275553.142,208811.865,1781699.915
2016,296984.816,1285747.081,212354.03399999999,1795085.9309999999
2017,297580.471,1297231.338,216236.517,1811048.326
2018,298522.722,1308215.046,219327.298,1826065.066
2019,298909.75,1319464.077,225498.994,1843872.821
2020,298836.677,1329840.956,229390.72,1858068.353
2021,298754.69,1341274.034,230035.833,1870064.557
2022,298111.272,1356500.805,229366.487,1883978.564
2023,297682.161,1367882.401,228758.068,1894322.6300000001
2024,298033.135,1379720.247,228377.552,1906130.934
2025,297363.106,1394660.558,228207.188,1920230.852
